analysis/720726/ReadHistoryData-page-0.data.list_opcodes.markdown:#### RECORD 15 Ian69 2013-09-10T18:15:58 head[2], body[2] op[0x69]
analysis/720726/ReadHistoryData-page-1.data.list_opcodes.markdown:#### RECORD 39 Ian69 2013-09-10T08:56:42 head[2], body[2] op[0x69]
analysis/720726/ReadHistoryData-page-1.data.list_opcodes.markdown:#### RECORD 55 Ian0B 2013-09-10T10:38:00 head[3], body[0] op[0x0b]
analysis/720726/ReadHistoryData-page-1.data.list_opcodes.markdown:#### RECORD 56 Ian0B 2013-09-10T11:38:00 head[3], body[0] op[0x0b]
analysis/720726/ReadHistoryData-page-1.data.list_opcodes.markdown:#### RECORD 62 Ian69 2013-09-10T12:23:36 head[2], body[2] op[0x69]
analysis/720726/ReadHistoryData-page-10.data.list_opcodes.markdown:#### RECORD 17 Ian69 2013-08-31T08:50:00 head[2], body[2] op[0x69]
analysis/720726/ReadHistoryData-page-10.data.list_opcodes.markdown:#### RECORD 33 Ian69 2013-08-31T11:33:20 head[2], body[2] op[0x69]
analysis/720726/ReadHistoryData-page-10.data.list_opcodes.markdown:#### RECORD 48 Ian69 2013-08-31T19:21:57 head[2], body[2] op[0x69]
analysis/720726/ReadHistoryData-page-11.data.list_opcodes.markdown:#### RECORD 7 Ian3F 2012-08-29T07:55:42 head[2], body[3] op[0x3f]
analysis/720726/ReadHistoryData-page-11.data.list_opcodes.markdown:#### RECORD 12 Ian3F 2012-08-29T10:13:23 head[2], body[3] op[0x3f]
analysis/720726/ReadHistoryData-page-11.data.list_opcodes.markdown:#### RECORD 14 Ian69 2012-08-29T10:13:27 head[2], body[2] op[0x69]
analysis/720726/ReadHistoryData-page-11.data.list_opcodes.markdown:#### RECORD 19 Ian69 2012-08-29T13:07:04 head[2], body[2] op[0x69]
analysis/720726/ReadHistoryData-page-11.data.list_opcodes.markdown:#### RECORD 22 Ian3F 2012-08-29T15:12:03 head[2], body[3] op[0x3f]
analysis/720726/ReadHistoryData-page-11.data.list_opcodes.markdown:#### RECORD 29 Ian69 2012-08-29T19:22:06 head[2], body[2] op[0x69]
analysis/720726/ReadHistoryData-page-11.data.list_opcodes.markdown:#### RECORD 44 Ian69 2012-08-30T10:30:00 head[2], body[2] op[0x69]
analysis/720726/ReadHistoryData-page-11.data.list_opcodes.markdown:#### RECORD 46 Ian3F 2012-08-30T11:25:08 head[2], body[3] op[0x3f]
analysis/720726/ReadHistoryData-page-11.data.list_opcodes.markdown:#### RECORD 49 Ian69 2012-08-30T11:43:42 head[2], body[2] op[0x69]
analysis/720726/ReadHistoryData-page-11.data.list_opcodes.markdown:#### RECORD 73 Ian69 2013-08-30T18:50:07 head[2], body[2] op[0x69]
analysis/720726/ReadHistoryData-page-12.data.list_opcodes.markdown:#### RECORD 6 Ian3F 2012-08-27T08:20:52 head[2], body[3] op[0x3f]
analysis/720726/ReadHistoryData-page-12.data.list_opcodes.markdown:#### RECORD 8 Ian69 2012-08-27T09:02:11 head[2], body[2] op[0x69]
analysis/720726/ReadHistoryData-page-12.data.list_opcodes.markdown:#### RECORD 12 Ian3F 2012-08-27T12:47:46 head[2], body[3] op[0x3f]
analysis/720726/ReadHistoryData-page-12.data.list_opcodes.markdown:#### RECORD 15 Ian69 2012-08-27T12:47:58 head[2], body[2] op[0x69]
analysis/720726/ReadHistoryData-page-12.data.list_opcodes.markdown:#### RECORD 22 Ian3F 2012-08-27T15:37:42 head[2], body[3] op[0x3f]
analysis/720726/ReadHistoryData-page-12.data.list_opcodes.markdown:#### RECORD 26 Ian69 2012-08-27T21:30:00 head[2], body[2] op[0x69]
analysis/720726/ReadHistoryData-page-12.data.list_opcodes.markdown:#### RECORD 35 Ian3F 2012-08-28T08:04:56 head[2], body[3] op[0x3f]
analysis/720726/ReadHistoryData-page-12.data.list_opcodes.markdown:#### RECORD 37 Ian3F 2012-08-28T09:07:02 head[2], body[3] op[0x3f]
analysis/720726/ReadHistoryData-page-12.data.list_opcodes.markdown:#### RECORD 39 Ian69 2012-08-28T09:07:10 head[2], body[2] op[0x69]
analysis/720726/ReadHistoryData-page-12.data.list_opcodes.markdown:#### RECORD 43 Ian3F 2012-08-28T11:36:06 head[2], body[3] op[0x3f]
analysis/720726/ReadHistoryData-page-12.data.list_opcodes.markdown:#### RECORD 46 Ian69 2012-08-28T11:39:38 head[2], body[2] op[0x69]
analysis/720726/ReadHistoryData-page-12.data.list_opcodes.markdown:#### RECORD 54 Ian69 2012-08-28T18:57:10 head[2], body[2] op[0x69]
analysis/720726/ReadHistoryData-page-12.data.list_opcodes.markdown:#### RECORD 57 Ian3F 2012-08-28T19:02:48 head[2], body[3] op[0x3f]
analysis/720726/ReadHistoryData-page-12.data.list_opcodes.markdown:#### RECORD 63 Ian3F 2012-08-28T20:01:04 head[2], body[3] op[0x3f]
analysis/720726/ReadHistoryData-page-12.data.list_opcodes.markdown:#### RECORD 74 Ian3F 2012-08-29T00:19:34 head[2], body[3] op[0x3f]
analysis/720726/ReadHistoryData-page-13.data.list_opcodes.markdown:#### RECORD 4 Ian69 2012-08-25T19:43:28 head[2], body[2] op[0x69]
analysis/720726/ReadHistoryData-page-13.data.list_opcodes.markdown:#### RECORD 16 Ian3F 2012-08-25T23:12:00 head[2], body[3] op[0x3f]
analysis/720726/ReadHistoryData-page-13.data.list_opcodes.markdown:#### RECORD 25 Ian3F 2012-08-26T08:18:02 head[2], body[3] op[0x3f]
analysis/720726/ReadHistoryData-page-13.data.list_opcodes.markdown:#### RECORD 27 Ian69 2012-08-26T08:55:21 head[2], body[2] op[0x69]
analysis/720726/ReadHistoryData-page-13.data.list_opcodes.markdown:#### RECORD 31 Ian3F 2012-08-26T12:43:18 head[2], body[3] op[0x3f]
analysis/720726/ReadHistoryData-page-13.data.list_opcodes.markdown:#### RECORD 35 Ian69 2012-08-26T14:28:48 head[2], body[2] op[0x69]
analysis/720726/ReadHistoryData-page-13.data.list_opcodes.markdown:#### RECORD 41 Ian3F 2012-08-26T15:20:44 head[2], body[3] op[0x3f]
analysis/720726/ReadHistoryData-page-13.data.list_opcodes.markdown:#### RECORD 46 Ian3F 2012-08-26T18:45:06 head[2], body[3] op[0x3f]
analysis/720726/ReadHistoryData-page-13.data.list_opcodes.markdown:#### RECORD 49 Ian69 2012-08-26T18:45:15 head[2], body[2] op[0x69]
analysis/720726/ReadHistoryData-page-14.data.list_opcodes.markdown:#### RECORD 2 Ian3F 2012-08-24T09:35:06 head[2], body[3] op[0x3f]
analysis/720726/ReadHistoryData-page-14.data.list_opcodes.markdown:#### RECORD 7 Ian3F 2012-08-24T10:04:40 head[2], body[3] op[0x3f]
analysis/720726/ReadHistoryData-page-14.data.list_opcodes.markdown:#### RECORD 9 Ian69 2012-08-24T10:10:04 head[2], body[2] op[0x69]
analysis/720726/ReadHistoryData-page-14.data.list_opcodes.markdown:#### RECORD 15 Ian3F 2012-08-24T11:44:34 head[2], body[3] op[0x3f]
analysis/720726/ReadHistoryData-page-14.data.list_opcodes.markdown:#### RECORD 18 Ian69 2012-08-24T11:44:51 head[2], body[2] op[0x69]
analysis/720726/ReadHistoryData-page-14.data.list_opcodes.markdown:#### RECORD 22 Ian3F 2012-08-24T13:21:02 head[2], body[3] op[0x3f]
analysis/720726/ReadHistoryData-page-14.data.list_opcodes.markdown:#### RECORD 32 Ian69 2012-08-24T17:43:17 head[2], body[2] op[0x69]
analysis/720726/ReadHistoryData-page-14.data.list_opcodes.markdown:#### RECORD 35 Ian3F 2012-08-24T19:44:06 head[2], body[3] op[0x3f]
analysis/720726/ReadHistoryData-page-14.data.list_opcodes.markdown:#### RECORD 41 Ian3F 2012-08-24T22:44:00 head[2], body[3] op[0x3f]
analysis/720726/ReadHistoryData-page-14.data.list_opcodes.markdown:#### RECORD 52 Ian3F 2012-08-25T00:29:26 head[2], body[3] op[0x3f]
analysis/720726/ReadHistoryData-page-14.data.list_opcodes.markdown:#### RECORD 55 Ian69 2012-08-25T08:48:35 head[2], body[2] op[0x69]
analysis/720726/ReadHistoryData-page-14.data.list_opcodes.markdown:#### RECORD 60 Ian69 2012-08-25T12:31:24 head[2], body[2] op[0x69]
analysis/720726/ReadHistoryData-page-14.data.list_opcodes.markdown:#### RECORD 67 Ian3F 2012-08-25T13:55:02 head[2], body[3] op[0x3f]
analysis/720726/ReadHistoryData-page-14.data.list_opcodes.markdown:#### RECORD 75 Ian3F 2012-08-25T15:43:32 head[2], body[3] op[0x3f]
analysis/720726/ReadHistoryData-page-15.data.list_opcodes.markdown:#### RECORD 7 Ian3F 2012-08-22T17:36:26 head[2], body[3] op[0x3f]
analysis/720726/ReadHistoryData-page-15.data.list_opcodes.markdown:#### RECORD 9 Ian3F 2012-08-22T18:32:18 head[2], body[3] op[0x3f]
analysis/720726/ReadHistoryData-page-15.data.list_opcodes.markdown:#### RECORD 12 Ian69 2012-08-22T18:32:39 head[2], body[2] op[0x69]
analysis/720726/ReadHistoryData-page-15.data.list_opcodes.markdown:#### RECORD 15 Ian3F 2012-08-22T23:05:02 head[2], body[3] op[0x3f]
analysis/720726/ReadHistoryData-page-15.data.list_opcodes.markdown:#### RECORD 30 Ian3F 2012-08-23T08:25:34 head[2], body[3] op[0x3f]
analysis/720726/ReadHistoryData-page-15.data.list_opcodes.markdown:#### RECORD 32 Ian69 2012-08-23T09:14:45 head[2], body[2] op[0x69]
analysis/720726/ReadHistoryData-page-15.data.list_opcodes.markdown:#### RECORD 43 Ian3F 2012-08-23T14:07:52 head[2], body[3] op[0x3f]
analysis/720726/ReadHistoryData-page-15.data.list_opcodes.markdown:#### RECORD 44 Ian69 2012-08-23T14:30:00 head[2], body[2] op[0x69]
analysis/720726/ReadHistoryData-page-15.data.list_opcodes.markdown:#### RECORD 50 Ian3F 2012-08-23T18:41:36 head[2], body[3] op[0x3f]
analysis/720726/ReadHistoryData-page-15.data.list_opcodes.markdown:#### RECORD 53 Ian69 2012-08-23T18:41:50 head[2], body[2] op[0x69]
analysis/720726/ReadHistoryData-page-15.data.list_opcodes.markdown:#### RECORD 65 Ian3F 2012-08-23T23:38:48 head[2], body[3] op[0x3f]
analysis/720726/ReadHistoryData-page-16.data.list_opcodes.markdown:#### RECORD 0 Ian3F 2012-08-21T18:22:18 head[2], body[3] op[0x3f]
analysis/720726/ReadHistoryData-page-16.data.list_opcodes.markdown:#### RECORD 3 Ian69 2012-08-21T18:22:39 head[2], body[2] op[0x69]
analysis/720726/ReadHistoryData-page-16.data.list_opcodes.markdown:#### RECORD 6 Ian3F 2012-08-21T18:37:58 head[2], body[3] op[0x3f]
analysis/720726/ReadHistoryData-page-16.data.list_opcodes.markdown:#### RECORD 8 Ian3F 2012-08-21T20:58:08 head[2], body[3] op[0x3f]
analysis/720726/ReadHistoryData-page-16.data.list_opcodes.markdown:#### RECORD 21 Ian3F 2012-08-21T22:38:30 head[2], body[3] op[0x3f]
analysis/720726/ReadHistoryData-page-16.data.list_opcodes.markdown:#### RECORD 34 Ian3F 2012-08-22T06:07:40 head[2], body[3] op[0x3f]
analysis/720726/ReadHistoryData-page-16.data.list_opcodes.markdown:#### RECORD 50 Ian69 2012-08-22T08:10:00 head[2], body[2] op[0x69]
analysis/720726/ReadHistoryData-page-16.data.list_opcodes.markdown:#### RECORD 54 Ian3F 2012-08-22T10:38:48 head[2], body[3] op[0x3f]
analysis/720726/ReadHistoryData-page-16.data.list_opcodes.markdown:#### RECORD 64 Ian69 2012-08-22T11:00:16 head[2], body[2] op[0x69]
analysis/720726/ReadHistoryData-page-16.data.list_opcodes.markdown:#### RECORD 67 Ian3F 2012-08-22T12:00:17 head[2], body[3] op[0x3f]
analysis/720726/ReadHistoryData-page-16.data.list_opcodes.markdown:#### RECORD 73 Ian3F 2012-08-22T13:37:16 head[2], body[3] op[0x3f]
analysis/720726/ReadHistoryData-page-17.data.list_opcodes.markdown:#### RECORD 5 Ian69 2012-08-20T17:35:22 head[2], body[2] op[0x69]
analysis/720726/ReadHistoryData-page-17.data.list_opcodes.markdown:#### RECORD 33 Ian3F 2012-08-21T03:05:38 head[2], body[3] op[0x3f]
analysis/720726/ReadHistoryData-page-17.data.list_opcodes.markdown:#### RECORD 39 Ian3F 2012-08-21T07:49:42 head[2], body[3] op[0x3f]
analysis/720726/ReadHistoryData-page-17.data.list_opcodes.markdown:#### RECORD 45 Ian3F 2012-08-21T09:46:48 head[2], body[3] op[0x3f]
analysis/720726/ReadHistoryData-page-17.data.list_opcodes.markdown:#### RECORD 47 Ian69 2012-08-21T10:30:00 head[2], body[2] op[0x69]
analysis/720726/ReadHistoryData-page-17.data.list_opcodes.markdown:#### RECORD 50 Ian69 2012-08-21T12:47:20 head[2], body[2] op[0x69]
analysis/720726/ReadHistoryData-page-18.data.list_opcodes.markdown:#### RECORD 1 Ian69 2012-08-19T17:48:48 head[2], body[2] op[0x69]
analysis/720726/ReadHistoryData-page-18.data.list_opcodes.markdown:#### RECORD 9 Ian3F 2012-08-19T20:08:36 head[2], body[3] op[0x3f]
analysis/720726/ReadHistoryData-page-18.data.list_opcodes.markdown:#### RECORD 28 Ian3F 2012-08-20T07:33:58 head[2], body[3] op[0x3f]
analysis/720726/ReadHistoryData-page-18.data.list_opcodes.markdown:#### RECORD 34 Ian69 2012-08-20T08:06:03 head[2], body[2] op[0x69]
analysis/720726/ReadHistoryData-page-18.data.list_opcodes.markdown:#### RECORD 41 Ian3F 2012-08-20T09:52:22 head[2], body[3] op[0x3f]
analysis/720726/ReadHistoryData-page-18.data.list_opcodes.markdown:#### RECORD 44 Ian69 2012-08-20T11:01:53 head[2], body[2] op[0x69]
analysis/720726/ReadHistoryData-page-19.data.list_opcodes.markdown:#### RECORD 54 Ian69 2012-08-19T12:18:01 head[2], body[2] op[0x69]
analysis/720726/ReadHistoryData-page-2.data.list_opcodes.markdown:#### RECORD 0 Ian69 2013-09-09T11:10:57 head[2], body[2] op[0x69]
analysis/720726/ReadHistoryData-page-2.data.list_opcodes.markdown:#### RECORD 9 Ian0B 2013-09-09T11:34:07 head[3], body[0] op[0x0b]
analysis/720726/ReadHistoryData-page-2.data.list_opcodes.markdown:#### RECORD 10 Ian0B 2013-09-09T11:34:07 head[3], body[0] op[0x0b]
analysis/720726/ReadHistoryData-page-2.data.list_opcodes.markdown:#### RECORD 12 Ian3F 2013-09-09T11:36:03 head[2], body[3] op[0x3f]
analysis/720726/ReadHistoryData-page-2.data.list_opcodes.markdown:#### RECORD 13 Ian0B 2013-09-09T11:47:41 head[3], body[0] op[0x0b]
analysis/720726/ReadHistoryData-page-2.data.list_opcodes.markdown:#### RECORD 14 Ian0B 2013-09-09T11:47:41 head[3], body[0] op[0x0b]
analysis/720726/ReadHistoryData-page-2.data.list_opcodes.markdown:#### RECORD 16 Ian3F 2013-09-09T11:49:29 head[2], body[3] op[0x3f]
analysis/720726/ReadHistoryData-page-2.data.list_opcodes.markdown:#### RECORD 36 Ian0B 2013-09-09T14:01:36 head[3], body[0] op[0x0b]
analysis/720726/ReadHistoryData-page-2.data.list_opcodes.markdown:#### RECORD 47 Ian3F 2013-09-09T17:33:49 head[2], body[3] op[0x3f]
analysis/720726/ReadHistoryData-page-2.data.list_opcodes.markdown:#### RECORD 56 Ian69 2013-09-09T18:18:56 head[2], body[2] op[0x69]
analysis/720726/ReadHistoryData-page-20.data.list_opcodes.markdown:#### RECORD 2 Ian3F 2013-08-17T01:16:23 head[2], body[3] op[0x3f]
analysis/720726/ReadHistoryData-page-20.data.list_opcodes.markdown:#### RECORD 5 Ian3F 2013-08-17T09:02:47 head[2], body[3] op[0x3f]
analysis/720726/ReadHistoryData-page-20.data.list_opcodes.markdown:#### RECORD 10 Ian69 2013-08-17T10:30:00 head[2], body[2] op[0x69]
analysis/720726/ReadHistoryData-page-20.data.list_opcodes.markdown:#### RECORD 12 Ian3F 2013-08-17T11:46:58 head[2], body[3] op[0x3f]
analysis/720726/ReadHistoryData-page-20.data.list_opcodes.markdown:#### RECORD 14 Ian69 2013-08-17T11:47:17 head[2], body[2] op[0x69]
analysis/720726/ReadHistoryData-page-20.data.list_opcodes.markdown:#### RECORD 18 Ian3F 2013-08-17T16:22:45 head[2], body[3] op[0x3f]
analysis/720726/ReadHistoryData-page-20.data.list_opcodes.markdown:#### RECORD 27 Ian69 2013-08-17T19:53:30 head[2], body[2] op[0x69]
analysis/720726/ReadHistoryData-page-20.data.list_opcodes.markdown:#### RECORD 41 Ian3F 2013-08-18T06:48:25 head[2], body[3] op[0x3f]
analysis/720726/ReadHistoryData-page-20.data.list_opcodes.markdown:#### RECORD 46 Ian69 2013-08-18T08:56:01 head[2], body[2] op[0x69]
analysis/720726/ReadHistoryData-page-20.data.list_opcodes.markdown:#### RECORD 53 Ian3F 2013-08-18T12:06:33 head[2], body[3] op[0x3f]
analysis/720726/ReadHistoryData-page-20.data.list_opcodes.markdown:#### RECORD 59 Ian69 2013-08-18T13:37:58 head[2], body[2] op[0x69]
analysis/720726/ReadHistoryData-page-20.data.list_opcodes.markdown:#### RECORD 73 Ian69 2013-08-18T18:48:02 head[2], body[2] op[0x69]
analysis/720726/ReadHistoryData-page-21.data.list_opcodes.markdown:#### RECORD 5 Ian3F 2013-08-15T00:05:51 head[2], body[3] op[0x3f]
analysis/720726/ReadHistoryData-page-21.data.list_opcodes.markdown:#### RECORD 7 Ian3F 2013-08-15T01:08:57 head[2], body[3] op[0x3f]
analysis/720726/ReadHistoryData-page-21.data.list_opcodes.markdown:#### RECORD 10 Ian69 2013-08-15T08:53:01 head[2], body[2] op[0x69]
analysis/720726/ReadHistoryData-page-21.data.list_opcodes.markdown:#### RECORD 18 Ian3F 2013-08-15T12:02:53 head[2], body[3] op[0x3f]
analysis/720726/ReadHistoryData-page-21.data.list_opcodes.markdown:#### RECORD 21 Ian69 2013-08-15T12:03:01 head[2], body[2] op[0x69]
analysis/720726/ReadHistoryData-page-21.data.list_opcodes.markdown:#### RECORD 25 Ian3F 2013-08-15T15:55:49 head[2], body[3] op[0x3f]
analysis/720726/ReadHistoryData-page-21.data.list_opcodes.markdown:#### RECORD 26 Ian69 2013-08-15T21:30:00 head[2], body[2] op[0x69]
analysis/720726/ReadHistoryData-page-21.data.list_opcodes.markdown:#### RECORD 33 Ian3F 2013-08-16T00:24:27 head[2], body[3] op[0x3f]
analysis/720726/ReadHistoryData-page-21.data.list_opcodes.markdown:#### RECORD 43 Ian3F 2013-08-16T07:15:09 head[2], body[3] op[0x3f]
analysis/720726/ReadHistoryData-page-21.data.list_opcodes.markdown:#### RECORD 45 Ian69 2013-08-16T10:30:00 head[2], body[2] op[0x69]
analysis/720726/ReadHistoryData-page-21.data.list_opcodes.markdown:#### RECORD 47 Ian3F 2013-08-16T11:32:59 head[2], body[3] op[0x3f]
analysis/720726/ReadHistoryData-page-21.data.list_opcodes.markdown:#### RECORD 49 Ian69 2013-08-16T11:33:26 head[2], body[2] op[0x69]
analysis/720726/ReadHistoryData-page-21.data.list_opcodes.markdown:#### RECORD 53 Ian3F 2013-08-16T13:37:45 head[2], body[3] op[0x3f]
analysis/720726/ReadHistoryData-page-21.data.list_opcodes.markdown:#### RECORD 61 Ian3F 2013-08-16T16:42:01 head[2], body[3] op[0x3f]
analysis/720726/ReadHistoryData-page-21.data.list_opcodes.markdown:#### RECORD 64 Ian69 2013-08-16T19:14:40 head[2], body[2] op[0x69]
analysis/720726/ReadHistoryData-page-21.data.list_opcodes.markdown:#### RECORD 67 Ian3F 2013-08-16T20:19:07 head[2], body[3] op[0x3f]
analysis/720726/ReadHistoryData-page-22.data.list_opcodes.markdown:#### RECORD 0 Ian3F 2013-08-13T02:16:41 head[2], body[3] op[0x3f]
analysis/720726/ReadHistoryData-page-22.data.list_opcodes.markdown:#### RECORD 3 Ian3F 2013-08-13T07:05:33 head[2], body[3] op[0x3f]
analysis/720726/ReadHistoryData-page-22.data.list_opcodes.markdown:#### RECORD 5 Ian3F 2013-08-13T07:29:59 head[2], body[3] op[0x3f]
analysis/720726/ReadHistoryData-page-22.data.list_opcodes.markdown:#### RECORD 7 Ian69 2013-08-13T10:30:00 head[2], body[2] op[0x69]
analysis/720726/ReadHistoryData-page-22.data.list_opcodes.markdown:#### RECORD 9 Ian3F 2013-08-13T10:49:47 head[2], body[3] op[0x3f]
analysis/720726/ReadHistoryData-page-22.data.list_opcodes.markdown:#### RECORD 12 Ian3F 2013-08-13T13:19:49 head[2], body[3] op[0x3f]
analysis/720726/ReadHistoryData-page-22.data.list_opcodes.markdown:#### RECORD 14 Ian69 2013-08-13T13:19:59 head[2], body[2] op[0x69]
analysis/720726/ReadHistoryData-page-22.data.list_opcodes.markdown:#### RECORD 20 Ian3F 2013-08-13T15:51:01 head[2], body[3] op[0x3f]
analysis/720726/ReadHistoryData-page-22.data.list_opcodes.markdown:#### RECORD 31 Ian69 2013-08-13T20:28:18 head[2], body[2] op[0x69]
analysis/720726/ReadHistoryData-page-22.data.list_opcodes.markdown:#### RECORD 44 Ian3F 2013-08-14T08:24:31 head[2], body[3] op[0x3f]
analysis/720726/ReadHistoryData-page-22.data.list_opcodes.markdown:#### RECORD 46 Ian69 2013-08-14T08:30:21 head[2], body[2] op[0x69]
analysis/720726/ReadHistoryData-page-22.data.list_opcodes.markdown:#### RECORD 54 Ian69 2013-08-14T11:43:01 head[2], body[2] op[0x69]
analysis/720726/ReadHistoryData-page-22.data.list_opcodes.markdown:#### RECORD 62 Ian69 2013-08-14T19:10:42 head[2], body[2] op[0x69]
analysis/720726/ReadHistoryData-page-22.data.list_opcodes.markdown:#### RECORD 77 Ian3F 2013-08-14T20:51:35 head[2], body[3] op[0x3f]
analysis/720726/ReadHistoryData-page-23.data.list_opcodes.markdown:#### RECORD 1 Ian69 2013-08-11T17:40:56 head[2], body[2] op[0x69]
analysis/720726/ReadHistoryData-page-23.data.list_opcodes.markdown:#### RECORD 36 Ian3F 2013-08-12T10:29:39 head[2], body[3] op[0x3f]
analysis/720726/ReadHistoryData-page-23.data.list_opcodes.markdown:#### RECORD 37 Ian69 2013-08-12T10:30:00 head[2], body[2] op[0x69]
analysis/720726/ReadHistoryData-page-23.data.list_opcodes.markdown:#### RECORD 42 Ian3F 2013-08-12T13:21:15 head[2], body[3] op[0x3f]
analysis/720726/ReadHistoryData-page-23.data.list_opcodes.markdown:#### RECORD 45 Ian69 2013-08-12T13:21:25 head[2], body[2] op[0x69]
analysis/720726/ReadHistoryData-page-23.data.list_opcodes.markdown:#### RECORD 51 Ian3F 2013-08-12T16:37:35 head[2], body[3] op[0x3f]
analysis/720726/ReadHistoryData-page-23.data.list_opcodes.markdown:#### RECORD 52 Ian69 2013-08-12T21:30:00 head[2], body[2] op[0x69]
analysis/720726/ReadHistoryData-page-23.data.list_opcodes.markdown:#### RECORD 56 Ian3F 2013-08-12T23:12:43 head[2], body[3] op[0x3f]
analysis/720726/ReadHistoryData-page-23.data.list_opcodes.markdown:#### RECORD 67 Ian3F 2013-08-13T02:11:11 head[2], body[3] op[0x3f]
analysis/720726/ReadHistoryData-page-24.data.list_opcodes.markdown:#### RECORD 5 Ian3F 2013-08-10T01:21:45 head[2], body[3] op[0x3f]
analysis/720726/ReadHistoryData-page-24.data.list_opcodes.markdown:#### RECORD 11 Ian69 2013-08-10T10:30:00 head[2], body[2] op[0x69]
analysis/720726/ReadHistoryData-page-24.data.list_opcodes.markdown:#### RECORD 13 Ian3F 2013-08-10T10:45:31 head[2], body[3] op[0x3f]
analysis/720726/ReadHistoryData-page-24.data.list_opcodes.markdown:#### RECORD 18 Ian69 2013-08-10T11:23:14 head[2], body[2] op[0x69]
analysis/720726/ReadHistoryData-page-24.data.list_opcodes.markdown:#### RECORD 28 Ian3F 2013-08-10T17:14:35 head[2], body[3] op[0x3f]
analysis/720726/ReadHistoryData-page-24.data.list_opcodes.markdown:#### RECORD 30 Ian3F 2013-08-10T18:24:39 head[2], body[3] op[0x3f]
analysis/720726/ReadHistoryData-page-24.data.list_opcodes.markdown:#### RECORD 33 Ian69 2013-08-10T18:25:37 head[2], body[2] op[0x69]
analysis/720726/ReadHistoryData-page-24.data.list_opcodes.markdown:#### RECORD 39 Ian3F 2013-08-10T23:24:11 head[2], body[3] op[0x3f]
analysis/720726/ReadHistoryData-page-24.data.list_opcodes.markdown:#### RECORD 55 Ian3F 2013-08-11T10:14:51 head[2], body[3] op[0x3f]
analysis/720726/ReadHistoryData-page-24.data.list_opcodes.markdown:#### RECORD 56 Ian69 2013-08-11T10:30:00 head[2], body[2] op[0x69]
analysis/720726/ReadHistoryData-page-24.data.list_opcodes.markdown:#### RECORD 61 Ian69 2013-08-11T11:56:14 head[2], body[2] op[0x69]
analysis/720726/ReadHistoryData-page-24.data.list_opcodes.markdown:#### RECORD 65 Ian3F 2013-08-11T14:57:05 head[2], body[3] op[0x3f]
analysis/720726/ReadHistoryData-page-25.data.list_opcodes.markdown:#### RECORD 16 Ian3F 2013-08-09T00:13:39 head[2], body[3] op[0x3f]
analysis/720726/ReadHistoryData-page-25.data.list_opcodes.markdown:#### RECORD 18 Ian3F 2013-08-09T00:20:35 head[2], body[3] op[0x3f]
analysis/720726/ReadHistoryData-page-25.data.list_opcodes.markdown:#### RECORD 27 Ian3F 2013-08-09T09:12:21 head[2], body[3] op[0x3f]
analysis/720726/ReadHistoryData-page-25.data.list_opcodes.markdown:#### RECORD 29 Ian69 2013-08-09T10:30:00 head[2], body[2] op[0x69]
analysis/720726/ReadHistoryData-page-25.data.list_opcodes.markdown:#### RECORD 33 Ian3F 2013-08-09T11:48:29 head[2], body[3] op[0x3f]
analysis/720726/ReadHistoryData-page-25.data.list_opcodes.markdown:#### RECORD 36 Ian69 2013-08-09T11:48:36 head[2], body[2] op[0x69]
analysis/720726/ReadHistoryData-page-25.data.list_opcodes.markdown:#### RECORD 40 Ian3F 2013-08-09T13:40:03 head[2], body[3] op[0x3f]
analysis/720726/ReadHistoryData-page-25.data.list_opcodes.markdown:#### RECORD 48 Ian3F 2013-08-09T17:58:21 head[2], body[3] op[0x3f]
analysis/720726/ReadHistoryData-page-25.data.list_opcodes.markdown:#### RECORD 51 Ian69 2013-08-09T18:08:27 head[2], body[2] op[0x69]
analysis/720726/ReadHistoryData-page-25.data.list_opcodes.markdown:#### RECORD 54 Ian3F 2013-08-09T20:49:39 head[2], body[3] op[0x3f]
analysis/720726/ReadHistoryData-page-25.data.list_opcodes.markdown:#### RECORD 59 Ian3F 2013-08-09T22:27:27 head[2], body[3] op[0x3f]
analysis/720726/ReadHistoryData-page-26.data.list_opcodes.markdown:#### RECORD 6 Ian3F 2013-08-07T07:49:25 head[2], body[3] op[0x3f]
analysis/720726/ReadHistoryData-page-26.data.list_opcodes.markdown:#### RECORD 8 Ian69 2013-08-07T10:30:00 head[2], body[2] op[0x69]
analysis/720726/ReadHistoryData-page-26.data.list_opcodes.markdown:#### RECORD 10 Ian3F 2013-08-07T11:53:01 head[2], body[3] op[0x3f]
analysis/720726/ReadHistoryData-page-26.data.list_opcodes.markdown:#### RECORD 12 Ian3F 2013-08-07T12:00:03 head[2], body[3] op[0x3f]
analysis/720726/ReadHistoryData-page-26.data.list_opcodes.markdown:#### RECORD 15 Ian3F 2013-08-07T13:27:29 head[2], body[3] op[0x3f]
analysis/720726/ReadHistoryData-page-26.data.list_opcodes.markdown:#### RECORD 17 Ian69 2013-08-07T14:10:08 head[2], body[2] op[0x69]
analysis/720726/ReadHistoryData-page-26.data.list_opcodes.markdown:#### RECORD 24 Ian3F 2013-08-07T14:11:16 head[2], body[3] op[0x3f]
analysis/720726/ReadHistoryData-page-26.data.list_opcodes.markdown:#### RECORD 34 Ian3F 2013-08-07T18:30:29 head[2], body[3] op[0x3f]
analysis/720726/ReadHistoryData-page-26.data.list_opcodes.markdown:#### RECORD 36 Ian3F 2013-08-07T19:38:23 head[2], body[3] op[0x3f]
analysis/720726/ReadHistoryData-page-26.data.list_opcodes.markdown:#### RECORD 38 Ian3F 2013-08-07T20:25:09 head[2], body[3] op[0x3f]
analysis/720726/ReadHistoryData-page-26.data.list_opcodes.markdown:#### RECORD 41 Ian69 2013-08-07T20:55:37 head[2], body[2] op[0x69]
analysis/720726/ReadHistoryData-page-26.data.list_opcodes.markdown:#### RECORD 45 Ian3F 2013-08-07T23:17:29 head[2], body[3] op[0x3f]
analysis/720726/ReadHistoryData-page-26.data.list_opcodes.markdown:#### RECORD 50 Ian3F 2013-08-08T00:16:39 head[2], body[3] op[0x3f]
analysis/720726/ReadHistoryData-page-26.data.list_opcodes.markdown:#### RECORD 57 Ian3F 2013-08-08T07:42:51 head[2], body[3] op[0x3f]
analysis/720726/ReadHistoryData-page-26.data.list_opcodes.markdown:#### RECORD 61 Ian69 2013-08-08T08:52:15 head[2], body[2] op[0x69]
analysis/720726/ReadHistoryData-page-26.data.list_opcodes.markdown:#### RECORD 73 Ian69 2013-08-08T13:12:45 head[2], body[2] op[0x69]
analysis/720726/ReadHistoryData-page-26.data.list_opcodes.markdown:#### RECORD 80 Ian69 2013-08-08T18:11:59 head[2], body[2] op[0x69]
analysis/720726/ReadHistoryData-page-26.data.list_opcodes.markdown:#### RECORD 83 Ian3F 2013-08-08T18:23:49 head[2], body[3] op[0x3f]
analysis/720726/ReadHistoryData-page-27.data.list_opcodes.markdown:#### RECORD 3 Ian3F 2013-08-05T20:09:49 head[2], body[3] op[0x3f]
analysis/720726/ReadHistoryData-page-27.data.list_opcodes.markdown:#### RECORD 8 Ian3F 2013-08-05T22:43:38 head[2], body[3] op[0x3f]
analysis/720726/ReadHistoryData-page-27.data.list_opcodes.markdown:#### RECORD 10 Ian3F 2013-08-05T23:04:22 head[2], body[3] op[0x3f]
analysis/720726/ReadHistoryData-page-27.data.list_opcodes.markdown:#### RECORD 21 Ian3F 2013-08-06T00:36:10 head[2], body[3] op[0x3f]
analysis/720726/ReadHistoryData-page-27.data.list_opcodes.markdown:#### RECORD 30 Ian3F 2013-08-06T08:44:40 head[2], body[3] op[0x3f]
analysis/720726/ReadHistoryData-page-27.data.list_opcodes.markdown:#### RECORD 32 Ian69 2013-08-06T08:44:52 head[2], body[2] op[0x69]
analysis/720726/ReadHistoryData-page-27.data.list_opcodes.markdown:#### RECORD 36 Ian3F 2013-08-06T12:11:56 head[2], body[3] op[0x3f]
analysis/720726/ReadHistoryData-page-27.data.list_opcodes.markdown:#### RECORD 39 Ian3F 2013-08-06T13:10:18 head[2], body[3] op[0x3f]
analysis/720726/ReadHistoryData-page-27.data.list_opcodes.markdown:#### RECORD 42 Ian69 2013-08-06T13:13:11 head[2], body[2] op[0x69]
analysis/720726/ReadHistoryData-page-27.data.list_opcodes.markdown:#### RECORD 49 Ian69 2013-08-06T19:06:10 head[2], body[2] op[0x69]
analysis/720726/ReadHistoryData-page-27.data.list_opcodes.markdown:#### RECORD 58 Ian3F 2013-08-06T22:06:26 head[2], body[3] op[0x3f]
analysis/720726/ReadHistoryData-page-27.data.list_opcodes.markdown:#### RECORD 60 Ian3F 2013-08-06T23:15:30 head[2], body[3] op[0x3f]
analysis/720726/ReadHistoryData-page-27.data.list_opcodes.markdown:#### RECORD 62 Ian3F 2013-08-06T23:23:10 head[2], body[3] op[0x3f]
analysis/720726/ReadHistoryData-page-27.data.list_opcodes.markdown:#### RECORD 67 Ian3F 2013-08-06T23:36:22 head[2], body[3] op[0x3f]
analysis/720726/ReadHistoryData-page-28.data.list_opcodes.markdown:#### RECORD 0 Ian3F 2013-08-04T08:35:50 head[2], body[3] op[0x3f]
analysis/720726/ReadHistoryData-page-28.data.list_opcodes.markdown:#### RECORD 2 Ian69 2013-08-04T08:35:58 head[2], body[2] op[0x69]
analysis/720726/ReadHistoryData-page-28.data.list_opcodes.markdown:#### RECORD 6 Ian3F 2013-08-04T09:34:18 head[2], body[3] op[0x3f]
analysis/720726/ReadHistoryData-page-28.data.list_opcodes.markdown:#### RECORD 12 Ian69 2013-08-04T12:08:32 head[2], body[2] op[0x69]
analysis/720726/ReadHistoryData-page-28.data.list_opcodes.markdown:#### RECORD 16 Ian3F 2013-08-04T16:42:46 head[2], body[3] op[0x3f]
analysis/720726/ReadHistoryData-page-28.data.list_opcodes.markdown:#### RECORD 25 Ian69 2013-08-04T19:41:47 head[2], body[2] op[0x69]
analysis/720726/ReadHistoryData-page-28.data.list_opcodes.markdown:#### RECORD 28 Ian3F 2013-08-04T20:48:10 head[2], body[3] op[0x3f]
analysis/720726/ReadHistoryData-page-28.data.list_opcodes.markdown:#### RECORD 36 Ian3F 2013-08-04T22:45:08 head[2], body[3] op[0x3f]
analysis/720726/ReadHistoryData-page-28.data.list_opcodes.markdown:#### RECORD 52 Ian3F 2013-08-05T08:21:30 head[2], body[3] op[0x3f]
analysis/720726/ReadHistoryData-page-28.data.list_opcodes.markdown:#### RECORD 54 Ian69 2013-08-05T10:30:00 head[2], body[2] op[0x69]
analysis/720726/ReadHistoryData-page-28.data.list_opcodes.markdown:#### RECORD 56 Ian69 2013-08-05T12:38:14 head[2], body[2] op[0x69]
analysis/720726/ReadHistoryData-page-28.data.list_opcodes.markdown:#### RECORD 63 Ian3F 2013-08-05T14:30:22 head[2], body[3] op[0x3f]
analysis/720726/ReadHistoryData-page-28.data.list_opcodes.markdown:#### RECORD 65 Ian3F 2013-08-05T14:42:08 head[2], body[3] op[0x3f]
analysis/720726/ReadHistoryData-page-28.data.list_opcodes.markdown:#### RECORD 67 Ian3F 2013-08-05T16:26:00 head[2], body[3] op[0x3f]
analysis/720726/ReadHistoryData-page-28.data.list_opcodes.markdown:#### RECORD 69 Ian3F 2013-08-05T18:14:00 head[2], body[3] op[0x3f]
analysis/720726/ReadHistoryData-page-28.data.list_opcodes.markdown:#### RECORD 72 Ian69 2013-08-05T18:14:32 head[2], body[2] op[0x69]
analysis/720726/ReadHistoryData-page-29.data.list_opcodes.markdown:#### RECORD 4 Ian3F 2013-08-02T21:25:28 head[2], body[3] op[0x3f]
analysis/720726/ReadHistoryData-page-29.data.list_opcodes.markdown:#### RECORD 15 Ian3F 2013-08-03T01:55:50 head[2], body[3] op[0x3f]
analysis/720726/ReadHistoryData-page-29.data.list_opcodes.markdown:#### RECORD 21 Ian3F 2013-08-03T08:58:52 head[2], body[3] op[0x3f]
analysis/720726/ReadHistoryData-page-29.data.list_opcodes.markdown:#### RECORD 24 Ian69 2013-08-03T08:59:02 head[2], body[2] op[0x69]
analysis/720726/ReadHistoryData-page-29.data.list_opcodes.markdown:#### RECORD 27 Ian3F 2013-08-03T09:21:54 head[2], body[3] op[0x3f]
analysis/720726/ReadHistoryData-page-29.data.list_opcodes.markdown:#### RECORD 43 Ian69 2013-08-03T11:27:17 head[2], body[2] op[0x69]
analysis/720726/ReadHistoryData-page-29.data.list_opcodes.markdown:#### RECORD 48 Ian3F 2013-08-03T15:26:18 head[2], body[3] op[0x3f]
analysis/720726/ReadHistoryData-page-29.data.list_opcodes.markdown:#### RECORD 55 Ian69 2013-08-03T18:04:45 head[2], body[2] op[0x69]
analysis/720726/ReadHistoryData-page-29.data.list_opcodes.markdown:#### RECORD 58 Ian3F 2013-08-03T21:47:10 head[2], body[3] op[0x3f]
analysis/720726/ReadHistoryData-page-29.data.list_opcodes.markdown:#### RECORD 72 Ian3F 2013-08-04T00:04:04 head[2], body[3] op[0x3f]
analysis/720726/ReadHistoryData-page-3.data.list_opcodes.markdown:#### RECORD 0 Ian0B 2013-09-08T19:34:07 head[3], body[0] op[0x0b]
analysis/720726/ReadHistoryData-page-3.data.list_opcodes.markdown:#### RECORD 10 Ian3F 2013-09-08T19:51:45 head[2], body[3] op[0x3f]
analysis/720726/ReadHistoryData-page-3.data.list_opcodes.markdown:#### RECORD 17 Ian69 2013-09-08T19:52:11 head[2], body[2] op[0x69]
analysis/720726/ReadHistoryData-page-3.data.list_opcodes.markdown:#### RECORD 18 Ian0B 2013-09-08T19:53:03 head[3], body[0] op[0x0b]
analysis/720726/ReadHistoryData-page-3.data.list_opcodes.markdown:#### RECORD 20 Ian0B 2013-09-08T20:03:00 head[3], body[0] op[0x0b]
analysis/720726/ReadHistoryData-page-3.data.list_opcodes.markdown:#### RECORD 21 Ian0B 2013-09-08T20:03:00 head[3], body[0] op[0x0b]
analysis/720726/ReadHistoryData-page-3.data.list_opcodes.markdown:#### RECORD 29 Ian0B 2013-09-08T20:57:22 head[3], body[0] op[0x0b]
analysis/720726/ReadHistoryData-page-3.data.list_opcodes.markdown:#### RECORD 39 Ian0B 2013-09-08T21:19:07 head[3], body[0] op[0x0b]
analysis/720726/ReadHistoryData-page-3.data.list_opcodes.markdown:#### RECORD 41 Ian3F 2013-09-08T21:26:47 head[2], body[3] op[0x3f]
analysis/720726/ReadHistoryData-page-3.data.list_opcodes.markdown:#### RECORD 48 Ian0B 2013-09-08T21:37:22 head[3], body[0] op[0x0b]
analysis/720726/ReadHistoryData-page-3.data.list_opcodes.markdown:#### RECORD 49 Ian0B 2013-09-08T21:59:07 head[3], body[0] op[0x0b]
analysis/720726/ReadHistoryData-page-3.data.list_opcodes.markdown:#### RECORD 50 Ian0B 2013-09-08T22:17:22 head[3], body[0] op[0x0b]
analysis/720726/ReadHistoryData-page-3.data.list_opcodes.markdown:#### RECORD 55 Ian54 2013-09-08T22:45:21 head[2], body[57] op[0x54]
analysis/720726/ReadHistoryData-page-3.data.list_opcodes.markdown:#### RECORD 57 Ian3F 2013-09-08T22:52:41 head[2], body[3] op[0x3f]
analysis/720726/ReadHistoryData-page-3.data.list_opcodes.markdown:#### RECORD 64 Ian3F 2013-09-09T03:57:41 head[2], body[3] op[0x3f]
analysis/720726/ReadHistoryData-page-3.data.list_opcodes.markdown:#### RECORD 69 Ian0B 2013-09-09T07:07:00 head[3], body[0] op[0x0b]
analysis/720726/ReadHistoryData-page-3.data.list_opcodes.markdown:#### RECORD 72 Ian3F 2013-09-09T07:45:43 head[2], body[3] op[0x3f]
analysis/720726/ReadHistoryData-page-3.data.list_opcodes.markdown:#### RECORD 76 Ian0B 2013-09-09T08:03:00 head[3], body[0] op[0x0b]
analysis/720726/ReadHistoryData-page-3.data.list_opcodes.markdown:#### RECORD 77 Ian0B 2013-09-09T08:03:00 head[3], body[0] op[0x0b]
analysis/720726/ReadHistoryData-page-3.data.list_opcodes.markdown:#### RECORD 85 Ian69 2013-09-09T10:30:00 head[2], body[2] op[0x69]
analysis/720726/ReadHistoryData-page-3.data.list_opcodes.markdown:#### RECORD 87 Ian3F 2013-09-09T11:01:59 head[2], body[3] op[0x3f]
analysis/720726/ReadHistoryData-page-30.data.list_opcodes.markdown:#### RECORD 1 Ian3F 2013-08-01T08:32:07 head[2], body[3] op[0x3f]
analysis/720726/ReadHistoryData-page-30.data.list_opcodes.markdown:#### RECORD 3 Ian69 2013-08-01T08:32:23 head[2], body[2] op[0x69]
analysis/720726/ReadHistoryData-page-30.data.list_opcodes.markdown:#### RECORD 7 Ian3F 2013-08-01T11:07:50 head[2], body[3] op[0x3f]
analysis/720726/ReadHistoryData-page-30.data.list_opcodes.markdown:#### RECORD 11 Ian69 2013-08-01T11:22:39 head[2], body[2] op[0x69]
analysis/720726/ReadHistoryData-page-30.data.list_opcodes.markdown:#### RECORD 18 Ian3F 2013-08-01T13:16:14 head[2], body[3] op[0x3f]
analysis/720726/ReadHistoryData-page-30.data.list_opcodes.markdown:#### RECORD 20 Ian3F 2013-08-01T18:00:16 head[2], body[3] op[0x3f]
analysis/720726/ReadHistoryData-page-30.data.list_opcodes.markdown:#### RECORD 23 Ian69 2013-08-01T18:01:02 head[2], body[2] op[0x69]
analysis/720726/ReadHistoryData-page-30.data.list_opcodes.markdown:#### RECORD 45 Ian3F 2013-08-02T08:07:50 head[2], body[3] op[0x3f]
analysis/720726/ReadHistoryData-page-30.data.list_opcodes.markdown:#### RECORD 47 Ian69 2013-08-02T08:07:55 head[2], body[2] op[0x69]
analysis/720726/ReadHistoryData-page-30.data.list_opcodes.markdown:#### RECORD 55 Ian69 2013-08-02T11:18:54 head[2], body[2] op[0x69]
analysis/720726/ReadHistoryData-page-30.data.list_opcodes.markdown:#### RECORD 58 Ian3F 2013-08-02T11:52:34 head[2], body[3] op[0x3f]
analysis/720726/ReadHistoryData-page-30.data.list_opcodes.markdown:#### RECORD 68 Ian69 2013-08-02T18:25:38 head[2], body[2] op[0x69]
analysis/720726/ReadHistoryData-page-31.data.list_opcodes.markdown:#### RECORD 14 Ian3F 2013-07-31T07:58:14 head[2], body[3] op[0x3f]
analysis/720726/ReadHistoryData-page-31.data.list_opcodes.markdown:#### RECORD 16 Ian3F 2013-07-31T09:11:08 head[2], body[3] op[0x3f]
analysis/720726/ReadHistoryData-page-31.data.list_opcodes.markdown:#### RECORD 19 Ian3F 2013-07-31T10:22:06 head[2], body[3] op[0x3f]
analysis/720726/ReadHistoryData-page-31.data.list_opcodes.markdown:#### RECORD 20 Ian69 2013-07-31T10:30:00 head[2], body[2] op[0x69]
analysis/720726/ReadHistoryData-page-31.data.list_opcodes.markdown:#### RECORD 22 Ian3F 2013-07-31T11:17:02 head[2], body[3] op[0x3f]
analysis/720726/ReadHistoryData-page-31.data.list_opcodes.markdown:#### RECORD 28 Ian3F 2013-07-31T13:03:20 head[2], body[3] op[0x3f]
analysis/720726/ReadHistoryData-page-31.data.list_opcodes.markdown:#### RECORD 30 Ian69 2013-07-31T13:03:30 head[2], body[2] op[0x69]
analysis/720726/ReadHistoryData-page-31.data.list_opcodes.markdown:#### RECORD 42 Ian3F 2013-07-31T17:51:28 head[2], body[3] op[0x3f]
analysis/720726/ReadHistoryData-page-31.data.list_opcodes.markdown:#### RECORD 45 Ian69 2013-07-31T17:56:22 head[2], body[2] op[0x69]
analysis/720726/ReadHistoryData-page-31.data.list_opcodes.markdown:#### RECORD 70 Ian3F 2013-08-01T07:59:34 head[2], body[3] op[0x3f]
analysis/720726/ReadHistoryData-page-32.data.list_opcodes.markdown:#### RECORD 6 Ian3F 2013-07-29T14:51:04 head[2], body[3] op[0x3f]
analysis/720726/ReadHistoryData-page-32.data.list_opcodes.markdown:#### RECORD 8 Ian3F 2013-07-29T16:06:32 head[2], body[3] op[0x3f]
analysis/720726/ReadHistoryData-page-32.data.list_opcodes.markdown:#### RECORD 13 Ian3F 2013-07-29T19:13:04 head[2], body[3] op[0x3f]
analysis/720726/ReadHistoryData-page-32.data.list_opcodes.markdown:#### RECORD 16 Ian69 2013-07-29T19:21:04 head[2], body[2] op[0x69]
analysis/720726/ReadHistoryData-page-32.data.list_opcodes.markdown:#### RECORD 28 Ian3F 2013-07-29T23:57:16 head[2], body[3] op[0x3f]
analysis/720726/ReadHistoryData-page-32.data.list_opcodes.markdown:#### RECORD 34 Ian3F 2013-07-30T08:04:42 head[2], body[3] op[0x3f]
analysis/720726/ReadHistoryData-page-32.data.list_opcodes.markdown:#### RECORD 36 Ian69 2013-07-30T08:04:50 head[2], body[2] op[0x69]
analysis/720726/ReadHistoryData-page-32.data.list_opcodes.markdown:#### RECORD 46 Ian3F 2013-07-30T11:42:52 head[2], body[3] op[0x3f]
analysis/720726/ReadHistoryData-page-32.data.list_opcodes.markdown:#### RECORD 49 Ian69 2013-07-30T11:43:00 head[2], body[2] op[0x69]
analysis/720726/ReadHistoryData-page-32.data.list_opcodes.markdown:#### RECORD 59 Ian3F 2013-07-30T15:43:24 head[2], body[3] op[0x3f]
analysis/720726/ReadHistoryData-page-32.data.list_opcodes.markdown:#### RECORD 62 Ian69 2013-07-30T18:51:50 head[2], body[2] op[0x69]
analysis/720726/ReadHistoryData-page-32.data.list_opcodes.markdown:#### RECORD 66 Ian3F 2013-07-30T20:51:42 head[2], body[3] op[0x3f]
analysis/720726/ReadHistoryData-page-32.data.list_opcodes.markdown:#### RECORD 70 Ian3F 2013-07-30T22:41:54 head[2], body[3] op[0x3f]
analysis/720726/ReadHistoryData-page-33.data.list_opcodes.markdown:#### RECORD 10 Ian69 2013-07-28T10:30:00 head[2], body[2] op[0x69]
analysis/720726/ReadHistoryData-page-33.data.list_opcodes.markdown:#### RECORD 15 Ian69 2013-07-28T11:31:40 head[2], body[2] op[0x69]
analysis/720726/ReadHistoryData-page-33.data.list_opcodes.markdown:#### RECORD 18 Ian3F 2013-07-28T12:19:32 head[2], body[3] op[0x3f]
analysis/720726/ReadHistoryData-page-33.data.list_opcodes.markdown:#### RECORD 24 Ian3F 2013-07-28T16:20:00 head[2], body[3] op[0x3f]
analysis/720726/ReadHistoryData-page-33.data.list_opcodes.markdown:#### RECORD 27 Ian69 2013-07-28T18:23:49 head[2], body[2] op[0x69]
analysis/720726/ReadHistoryData-page-33.data.list_opcodes.markdown:#### RECORD 30 Ian3F 2013-07-28T19:43:08 head[2], body[3] op[0x3f]
analysis/720726/ReadHistoryData-page-33.data.list_opcodes.markdown:#### RECORD 41 Ian3F 2013-07-28T23:34:56 head[2], body[3] op[0x3f]
analysis/720726/ReadHistoryData-page-33.data.list_opcodes.markdown:#### RECORD 46 Ian3F 2013-07-29T01:42:56 head[2], body[3] op[0x3f]
analysis/720726/ReadHistoryData-page-33.data.list_opcodes.markdown:#### RECORD 55 Ian3F 2013-07-29T08:05:44 head[2], body[3] op[0x3f]
analysis/720726/ReadHistoryData-page-33.data.list_opcodes.markdown:#### RECORD 58 Ian69 2013-07-29T08:40:29 head[2], body[2] op[0x69]
analysis/720726/ReadHistoryData-page-33.data.list_opcodes.markdown:#### RECORD 63 Ian69 2013-07-29T11:37:00 head[2], body[2] op[0x69]
analysis/720726/ReadHistoryData-page-33.data.list_opcodes.markdown:#### RECORD 69 Ian3F 2013-07-29T12:01:58 head[2], body[3] op[0x3f]
analysis/720726/ReadHistoryData-page-34.data.list_opcodes.markdown:#### RECORD 1 Ian69 2013-07-26T17:55:32 head[2], body[2] op[0x69]
analysis/720726/ReadHistoryData-page-34.data.list_opcodes.markdown:#### RECORD 9 Ian3F 2013-07-26T20:21:45 head[2], body[3] op[0x3f]
analysis/720726/ReadHistoryData-page-34.data.list_opcodes.markdown:#### RECORD 12 Ian3F 2013-07-26T22:06:08 head[2], body[3] op[0x3f]
analysis/720726/ReadHistoryData-page-34.data.list_opcodes.markdown:#### RECORD 23 Ian3F 2013-07-27T01:10:08 head[2], body[3] op[0x3f]
analysis/720726/ReadHistoryData-page-34.data.list_opcodes.markdown:#### RECORD 27 Ian3F 2013-07-27T08:27:28 head[2], body[3] op[0x3f]
analysis/720726/ReadHistoryData-page-34.data.list_opcodes.markdown:#### RECORD 29 Ian69 2013-07-27T08:27:36 head[2], body[2] op[0x69]
analysis/720726/ReadHistoryData-page-34.data.list_opcodes.markdown:#### RECORD 38 Ian69 2013-07-27T11:42:59 head[2], body[2] op[0x69]
analysis/720726/ReadHistoryData-page-34.data.list_opcodes.markdown:#### RECORD 50 Ian3F 2013-07-27T14:53:24 head[2], body[3] op[0x3f]
analysis/720726/ReadHistoryData-page-34.data.list_opcodes.markdown:#### RECORD 60 Ian69 2013-07-27T21:30:00 head[2], body[2] op[0x69]
analysis/720726/ReadHistoryData-page-34.data.list_opcodes.markdown:#### RECORD 71 Ian3F 2013-07-27T22:29:40 head[2], body[3] op[0x3f]
analysis/720726/ReadHistoryData-page-35.data.list_opcodes.markdown:#### RECORD 5 Ian3F 2013-07-25T14:56:56 head[2], body[3] op[0x3f]
analysis/720726/ReadHistoryData-page-35.data.list_opcodes.markdown:#### RECORD 10 Ian3F 2013-07-25T17:45:04 head[2], body[3] op[0x3f]
analysis/720726/ReadHistoryData-page-35.data.list_opcodes.markdown:#### RECORD 12 Ian3F 2013-07-25T18:45:34 head[2], body[3] op[0x3f]
analysis/720726/ReadHistoryData-page-35.data.list_opcodes.markdown:#### RECORD 15 Ian69 2013-07-25T18:45:44 head[2], body[2] op[0x69]
analysis/720726/ReadHistoryData-page-35.data.list_opcodes.markdown:#### RECORD 27 Ian3F 2013-07-25T23:17:30 head[2], body[3] op[0x3f]
analysis/720726/ReadHistoryData-page-35.data.list_opcodes.markdown:#### RECORD 39 Ian3F 2013-07-26T08:18:26 head[2], body[3] op[0x3f]
analysis/720726/ReadHistoryData-page-35.data.list_opcodes.markdown:#### RECORD 41 Ian3F 2013-07-26T08:26:12 head[2], body[3] op[0x3f]
analysis/720726/ReadHistoryData-page-35.data.list_opcodes.markdown:#### RECORD 43 Ian69 2013-07-26T08:26:29 head[2], body[2] op[0x69]
analysis/720726/ReadHistoryData-page-35.data.list_opcodes.markdown:#### RECORD 54 Ian69 2013-07-26T12:32:43 head[2], body[2] op[0x69]
analysis/720726/ReadHistoryData-page-35.data.list_opcodes.markdown:#### RECORD 58 Ian3F 2013-07-26T13:31:29 head[2], body[3] op[0x3f]
analysis/720726/ReadHistoryData-page-35.data.list_opcodes.markdown:#### RECORD 66 Ian3F 2013-07-26T16:47:08 head[2], body[3] op[0x3f]
analysis/720726/ReadHistoryData-page-4.data.list_opcodes.markdown:#### RECORD 2 Ian3F 2013-09-08T00:06:59 head[2], body[3] op[0x3f]
analysis/720726/ReadHistoryData-page-4.data.list_opcodes.markdown:#### RECORD 8 Ian3F 2013-09-08T07:59:05 head[2], body[3] op[0x3f]
analysis/720726/ReadHistoryData-page-4.data.list_opcodes.markdown:#### RECORD 9 Ian50 2013-09-08T07:59:23 head[2], body[34] op[0x50]
analysis/720726/ReadHistoryData-page-4.data.list_opcodes.markdown:#### RECORD 15 Ian69 2013-09-08T09:01:06 head[2], body[2] op[0x69]
analysis/720726/ReadHistoryData-page-4.data.list_opcodes.markdown:#### RECORD 18 Ian0B 2013-09-08T09:59:07 head[3], body[0] op[0x0b]
analysis/720726/ReadHistoryData-page-4.data.list_opcodes.markdown:#### RECORD 20 Ian3F 2013-09-08T09:59:55 head[2], body[3] op[0x3f]
analysis/720726/ReadHistoryData-page-4.data.list_opcodes.markdown:#### RECORD 23 Ian3F 2013-09-08T13:52:37 head[2], body[3] op[0x3f]
analysis/720726/ReadHistoryData-page-4.data.list_opcodes.markdown:#### RECORD 26 Ian69 2013-09-08T13:57:55 head[2], body[2] op[0x69]
analysis/720726/ReadHistoryData-page-4.data.list_opcodes.markdown:#### RECORD 28 Ian0B 2013-09-08T14:39:07 head[3], body[0] op[0x0b]
analysis/720726/ReadHistoryData-page-4.data.list_opcodes.markdown:#### RECORD 30 Ian0B 2013-09-08T14:57:22 head[3], body[0] op[0x0b]
analysis/720726/ReadHistoryData-page-4.data.list_opcodes.markdown:#### RECORD 38 Ian3F 2013-09-08T15:03:11 head[2], body[3] op[0x3f]
analysis/720726/ReadHistoryData-page-4.data.list_opcodes.markdown:#### RECORD 39 Ian0B 2013-09-08T15:19:07 head[3], body[0] op[0x0b]
analysis/720726/ReadHistoryData-page-4.data.list_opcodes.markdown:#### RECORD 40 Ian0B 2013-09-08T15:37:22 head[3], body[0] op[0x0b]
analysis/720726/ReadHistoryData-page-4.data.list_opcodes.markdown:#### RECORD 42 Ian3F 2013-09-08T15:38:05 head[2], body[3] op[0x3f]
analysis/720726/ReadHistoryData-page-4.data.list_opcodes.markdown:#### RECORD 43 Ian0B 2013-09-08T16:33:03 head[3], body[0] op[0x0b]
analysis/720726/ReadHistoryData-page-4.data.list_opcodes.markdown:#### RECORD 44 Ian0B 2013-09-08T16:54:07 head[3], body[0] op[0x0b]
analysis/720726/ReadHistoryData-page-4.data.list_opcodes.markdown:#### RECORD 52 Ian0B 2013-09-08T17:13:03 head[3], body[0] op[0x0b]
analysis/720726/ReadHistoryData-page-4.data.list_opcodes.markdown:#### RECORD 62 Ian3F 2013-09-08T17:23:43 head[2], body[3] op[0x3f]
analysis/720726/ReadHistoryData-page-4.data.list_opcodes.markdown:#### RECORD 66 Ian0B 2013-09-08T17:34:07 head[3], body[0] op[0x0b]
analysis/720726/ReadHistoryData-page-4.data.list_opcodes.markdown:#### RECORD 74 Ian0B 2013-09-08T17:53:03 head[3], body[0] op[0x0b]
analysis/720726/ReadHistoryData-page-4.data.list_opcodes.markdown:#### RECORD 76 Ian3F 2013-09-08T17:57:45 head[2], body[3] op[0x3f]
analysis/720726/ReadHistoryData-page-4.data.list_opcodes.markdown:#### RECORD 83 Ian3F 2013-09-08T18:10:31 head[2], body[3] op[0x3f]
analysis/720726/ReadHistoryData-page-4.data.list_opcodes.markdown:#### RECORD 84 Ian0B 2013-09-08T18:14:07 head[3], body[0] op[0x0b]
analysis/720726/ReadHistoryData-page-4.data.list_opcodes.markdown:#### RECORD 86 Ian3F 2013-09-08T18:14:31 head[2], body[3] op[0x3f]
analysis/720726/ReadHistoryData-page-4.data.list_opcodes.markdown:#### RECORD 91 Ian0B 2013-09-08T18:33:03 head[3], body[0] op[0x0b]
analysis/720726/ReadHistoryData-page-4.data.list_opcodes.markdown:#### RECORD 98 Ian0B 2013-09-08T18:54:07 head[3], body[0] op[0x0b]
analysis/720726/ReadHistoryData-page-4.data.list_opcodes.markdown:#### RECORD 100 Ian3F 2013-09-08T18:55:27 head[2], body[3] op[0x3f]
analysis/720726/ReadHistoryData-page-4.data.list_opcodes.markdown:#### RECORD 105 Ian0B 2013-09-08T19:13:03 head[3], body[0] op[0x0b]
analysis/720726/ReadHistoryData-page-5.data.list_opcodes.markdown:#### RECORD 3 Ian3F 2013-09-06T18:28:26 head[2], body[3] op[0x3f]
analysis/720726/ReadHistoryData-page-5.data.list_opcodes.markdown:#### RECORD 6 Ian69 2013-09-06T18:28:58 head[2], body[2] op[0x69]
analysis/720726/ReadHistoryData-page-5.data.list_opcodes.markdown:#### RECORD 9 Ian3F 2013-09-06T21:43:40 head[2], body[3] op[0x3f]
analysis/720726/ReadHistoryData-page-5.data.list_opcodes.markdown:#### RECORD 20 Ian3F 2013-09-07T01:20:42 head[2], body[3] op[0x3f]
analysis/720726/ReadHistoryData-page-5.data.list_opcodes.markdown:#### RECORD 25 Ian3F 2013-09-07T03:43:44 head[2], body[3] op[0x3f]
analysis/720726/ReadHistoryData-page-5.data.list_opcodes.markdown:#### RECORD 35 Ian69 2013-09-07T09:36:20 head[2], body[2] op[0x69]
analysis/720726/ReadHistoryData-page-5.data.list_opcodes.markdown:#### RECORD 42 Ian3F 2013-09-07T02:40:37 head[2], body[3] op[0x3f]
analysis/720726/ReadHistoryData-page-5.data.list_opcodes.markdown:#### RECORD 53 Ian69 2013-09-07T10:23:55 head[2], body[2] op[0x69]
analysis/720726/ReadHistoryData-page-5.data.list_opcodes.markdown:#### RECORD 56 Ian3F 2013-09-07T11:32:53 head[2], body[3] op[0x3f]
analysis/720726/ReadHistoryData-page-5.data.list_opcodes.markdown:#### RECORD 59 Ian69 2013-09-07T11:33:26 head[2], body[2] op[0x69]
analysis/720726/ReadHistoryData-page-5.data.list_opcodes.markdown:#### RECORD 63 Ian3F 2013-09-07T15:27:49 head[2], body[3] op[0x3f]
analysis/720726/ReadHistoryData-page-5.data.list_opcodes.markdown:#### RECORD 68 Ian3F 2013-09-07T17:10:39 head[2], body[3] op[0x3f]
analysis/720726/ReadHistoryData-page-5.data.list_opcodes.markdown:#### RECORD 70 Ian3F 2013-09-07T18:15:57 head[2], body[3] op[0x3f]
analysis/720726/ReadHistoryData-page-5.data.list_opcodes.markdown:#### RECORD 72 Ian3F 2013-09-07T19:52:39 head[2], body[3] op[0x3f]
analysis/720726/ReadHistoryData-page-5.data.list_opcodes.markdown:#### RECORD 75 Ian69 2013-09-07T19:52:55 head[2], body[2] op[0x69]
analysis/720726/ReadHistoryData-page-6.data.list_opcodes.markdown:#### RECORD 2 Ian3F 2013-09-05T01:15:34 head[2], body[3] op[0x3f]
analysis/720726/ReadHistoryData-page-6.data.list_opcodes.markdown:#### RECORD 4 Ian3F 2013-09-05T02:48:04 head[2], body[3] op[0x3f]
analysis/720726/ReadHistoryData-page-6.data.list_opcodes.markdown:#### RECORD 8 Ian69 2013-09-05T10:30:00 head[2], body[2] op[0x69]
analysis/720726/ReadHistoryData-page-6.data.list_opcodes.markdown:#### RECORD 13 Ian3F 2013-09-05T11:48:18 head[2], body[3] op[0x3f]
analysis/720726/ReadHistoryData-page-6.data.list_opcodes.markdown:#### RECORD 15 Ian69 2013-09-05T11:48:31 head[2], body[2] op[0x69]
analysis/720726/ReadHistoryData-page-6.data.list_opcodes.markdown:#### RECORD 23 Ian3F 2013-09-05T13:58:12 head[2], body[3] op[0x3f]
analysis/720726/ReadHistoryData-page-6.data.list_opcodes.markdown:#### RECORD 34 Ian3F 2008-01-01T00:01:04 head[2], body[3] op[0x3f]
analysis/720726/ReadHistoryData-page-6.data.list_opcodes.markdown:#### RECORD 45 Ian3F 2013-09-05T20:22:48 head[2], body[3] op[0x3f]
analysis/720726/ReadHistoryData-page-6.data.list_opcodes.markdown:#### RECORD 48 Ian69 2013-09-05T20:43:12 head[2], body[2] op[0x69]
analysis/720726/ReadHistoryData-page-6.data.list_opcodes.markdown:#### RECORD 57 Ian3F 2013-09-06T00:16:51 head[2], body[3] op[0x3f]
analysis/720726/ReadHistoryData-page-6.data.list_opcodes.markdown:#### RECORD 63 Ian3F 2013-09-06T07:44:04 head[2], body[3] op[0x3f]
analysis/720726/ReadHistoryData-page-6.data.list_opcodes.markdown:#### RECORD 66 Ian3F 2013-09-06T09:33:10 head[2], body[3] op[0x3f]
analysis/720726/ReadHistoryData-page-6.data.list_opcodes.markdown:#### RECORD 71 Ian69 2013-09-06T10:25:27 head[2], body[2] op[0x69]
analysis/720726/ReadHistoryData-page-6.data.list_opcodes.markdown:#### RECORD 76 Ian69 2013-09-06T13:56:31 head[2], body[2] op[0x69]
analysis/720726/ReadHistoryData-page-7.data.list_opcodes.markdown:#### RECORD 4 Ian3F 2013-09-03T18:28:52 head[2], body[3] op[0x3f]
analysis/720726/ReadHistoryData-page-7.data.list_opcodes.markdown:#### RECORD 30 Ian69 2013-09-04T08:45:49 head[2], body[2] op[0x69]
analysis/720726/ReadHistoryData-page-7.data.list_opcodes.markdown:#### RECORD 41 Ian69 2013-09-04T11:26:48 head[2], body[2] op[0x69]
analysis/720726/ReadHistoryData-page-7.data.list_opcodes.markdown:#### RECORD 52 Ian69 2013-09-04T17:49:51 head[2], body[2] op[0x69]
analysis/720726/ReadHistoryData-page-7.data.list_opcodes.markdown:#### RECORD 61 Ian3F 2013-09-04T22:07:34 head[2], body[3] op[0x3f]
analysis/720726/ReadHistoryData-page-8.data.list_opcodes.markdown:#### RECORD 0 Ian69 2013-09-02T09:23:26 head[2], body[2] op[0x69]
analysis/720726/ReadHistoryData-page-8.data.list_opcodes.markdown:#### RECORD 4 Ian69 2013-09-02T14:30:00 head[2], body[2] op[0x69]
analysis/720726/ReadHistoryData-page-8.data.list_opcodes.markdown:#### RECORD 10 Ian69 2013-09-02T19:04:59 head[2], body[2] op[0x69]
analysis/720726/ReadHistoryData-page-8.data.list_opcodes.markdown:#### RECORD 37 Ian69 2013-09-03T09:03:59 head[2], body[2] op[0x69]
analysis/720726/ReadHistoryData-page-8.data.list_opcodes.markdown:#### RECORD 45 Ian69 2013-09-03T12:14:47 head[2], body[2] op[0x69]
analysis/720726/ReadHistoryData-page-8.data.list_opcodes.markdown:#### RECORD 66 Ian69 2013-09-03T17:53:17 head[2], body[2] op[0x69]
analysis/720726/ReadHistoryData-page-9.data.list_opcodes.markdown:#### RECORD 6 Ian69 2013-09-01T09:59:09 head[2], body[2] op[0x69]
analysis/720726/ReadHistoryData-page-9.data.list_opcodes.markdown:#### RECORD 11 Ian69 2013-09-01T12:44:52 head[2], body[2] op[0x69]
analysis/720726/ReadHistoryData-page-9.data.list_opcodes.markdown:#### RECORD 34 Ian69 2013-09-01T17:57:57 head[2], body[2] op[0x69]
